state,gender,year,name,number
AK,F,1910,Elsie,6
AK,M,1910,Edward,5
AK,M,1910,William,5
AK,M,1910,Robert,6
AL,F,1910,Annie,482
AL,F,1910,Katie,84
AL,F,1910,Alma,82
AL,F,1910,Thelma,65
AL,F,1910,Ellen,38
AL,F,1910,Rebecca,35
AL,F,1910,Estella,21
AL,F,1910,Corine,17
AL,F,1910,Margie,17
AL,F,1910,Emmie,12
AL,F,1910,Myrtis,10
AL,F,1910,Pinkie,10
AL,F,1910,Myrtie,9
AL,F,1910,Jeanette,8
AL,F,1910,Rubie,8
AL,F,1910,Maud,7
AL,F,1910,Trudie,7
AL,F,1910,Barbara,6
AL,F,1910,Glennie,6
AL,F,1910,Lassie,6
AL,F,1910,Liza,6
AL,F,1910,Hettie,5
AL,F,1910,Iona,5
AL,F,1910,Lorraine,5
AL,F,1910,Willie,257
AL,F,1910,Fannie,116
AL,F,1910,Sarah,107
AL,F,1910,Myrtle,104
AL,F,1910,Rosie,103
AL,F,1910,Lillian,99
AL,F,1910,Nellie,96
AL,F,1910,Mamie,88
AL,F,1910,Edna,86
AL,F,1910,Evelyn,83
AL,F,1910,Laura,70
AL,F,1910,Mabel,37
AL,F,1910,Josie,35
AL,F,1910,Pearlie,28
AL,F,1910,Rachel,26
AL,F,1910,Era,24
AL,F,1910,Bettie,16
AL,F,1910,Jean,16
AL,F,1910,Anne,13
AL,F,1910,Lucinda,11
AL,F,1910,Dessie,10
AL,F,1910,Linnie,10
AL,F,1910,Marion,10
AL,F,1910,Dovie,9
AL,F,1910,Ira,9
AL,F,1910,Ossie,9
AL,F,1910,Abbie,8
AL,F,1910,Clyde,8
AL,F,1910,Goldie,7
AL,F,1910,Lenora,7
AL,F,1910,Aline,6
AL,F,1910,Gennie,6
AL,F,1910,Vinnie,6
AL,F,1910,Exie,5
AL,F,1910,Tressie,5
AL,M,1910,Joe,117
AL,M,1910,Louis,40
AL,M,1910,Alfred,19
AL,M,1910,Julius,17
AL,M,1910,Sidney,14
AL,M,1910,Nelson,10
AL,M,1910,Isaac,9
AL,M,1910,Jimmy,9
AL,M,1910,King,9
AL,M,1910,Porter,7
AL,M,1910,Tommy,7
AL,M,1910,Cleo,6
AL,M,1910,Dennis,6
AL,M,1910,Gerald,6
AL,M,1910,Moses,6
AL,M,1910,Green,5
AL,M,1910,Luke,5
AL,M,1910,Richard,73
AL,M,1910,Clarence,66
AL,M,1910,Ernest,45
AL,M,1910,Ralph,24
AL,M,1910,Emmett,23
AL,M,1910,Dave,22
AL,M,1910,Harvey,16
AL,M,1910,Ray,12
AL,M,1910,Simon,10
AL,M,1910,Leslie,8
AL,M,1910,Wilson,8
AL,M,1910,Emmitt,7
AL,M,1910,Gordon,6
AL,M,1910,Hollis,6
AL,M,1910,Adolphus,5
AL,M,1910,Claud,5
AL,M,1910,Clayton,5
AL,M,1910,Dewey,5
AL,M,1910,Lamar,5
AR,F,1910,Ruth,140
AR,F,1910,Marie,78
AR,F,1910,Rosie,67
AR,F,1910,Elizabeth,64
AR,F,1910,Velma,58
AR,F,1910,Eva,43
AR,F,1910,Dora,42
AR,F,1910,Lula,40
AR,F,1910,Bernice,36
AR,F,1910,Eula,30
AR,F,1910,Daisy,29
AR,F,1910,Addie,23
AR,F,1910,Sadie,20
AR,F,1910,Christine,16
AR,F,1910,Lizzie,13
AR,F,1910,Rose,12
AR,F,1910,Sylvia,11
AR,F,1910,Lou,7
AR,F,1910,Hettie,6
AR,F,1910,Melba,6
AR,F,1910,Camille,5
AR,F,1910,Eddie,5
AR,F,1910,Lonnie,5
AR,F,1910,Annie,84
AR,F,1910,Beatrice,61
AR,F,1910,Sarah,39
AR,F,1910,Virgie,30
AR,F,1910,Susie,24
AR,F,1910,Lela,20
AR,F,1910,Sallie,20
AR,F,1910,Lucile,19
AR,F,1910,Verna,15
AR,F,1910,Katie,14
AR,F,1910,Easter,9
AR,F,1910,Elma,8
AR,F,1910,Lora,8
AR,F,1910,Ava,6
AR,F,1910,Zella,6
AR,F,1910,Virgia,5
AR,M,1910,Eugene,25
AR,M,1910,David,24
AR,M,1910,Harry,24
AR,M,1910,Jesse,22
AR,M,1910,Luther,20
AR,M,1910,Ralph,18
AR,M,1910,Claude,15
AR,M,1910,Leonard,15
AR,M,1910,Everett,10
AR,M,1910,Archie,8
AR,M,1910,Vernon,8
AR,M,1910,Gilbert,7
AR,M,1910,Dewey,6
AR,M,1910,Marion,6
AR,M,1910,Morris,6
AR,M,1910,Ted,6
AR,M,1910,Austin,5
AR,M,1910,Clark,5
AR,M,1910,Edwin,5
AR,M,1910,Leslie,5
AR,M,1910,Thurman,5
AR,M,1910,Ernest,32
AR,M,1910,Louis,20
AR,M,1910,Ben,17
AR,M,1910,Lewis,17
AR,M,1910,Allen,11
AR,M,1910,Jimmie,9
AR,M,1910,Don,8
AR,M,1910,Wesley,6
AR,M,1910,Buster,5
AR,M,1910,Elijah,5
AZ,F,1910,Julia,8
AZ,F,1910,Agnes,7
AZ,F,1910,Beatrice,6
AZ,F,1910,Katherine,7
AZ,M,1910,Samuel,7
AZ,M,1910,Miguel,5
AZ,M,1910,Albert,11
AZ,M,1910,Harold,6
AZ,M,1910,Harry,5
CA,F,1910,Ruth,128
CA,F,1910,Virginia,101
CA,F,1910,Elizabeth,93
CA,F,1910,Louise,67
CA,F,1910,Doris,56
CA,F,1910,Mabel,39
CA,F,1910,Beatrice,37
CA,F,1910,Myrtle,30
CA,F,1910,Kathleen,24
CA,F,1910,Lena,24
CA,F,1910,Muriel,22
CA,F,1910,Nellie,20
CA,F,1910,Jane,17
CA,F,1910,Maxine,17
CA,F,1910,Roberta,13
CA,F,1910,Miriam,12
CA,F,1910,Ada,10
CA,F,1910,Gloria,10
CA,F,1910,Flora,9
CA,F,1910,Rosalie,9
CA,F,1910,Cecile,8
CA,F,1910,Daisy,7
CA,F,1910,Fannie,7
CA,F,1910,Aileen,6
CA,F,1910,Lee,6
CA,F,1910,Lenore,6
CA,F,1910,Willie,6
CA,F,1910,Celia,5
CA,F,1910,Ila,5
CA,F,1910,Lydia,5
CA,F,1910,Helen,239
CA,F,1910,Anna,51
CA,F,1910,Mae,31
CA,F,1910,Ruby,30
CA,F,1910,Emma,29
CA,F,1910,Vivian,22
CA,F,1910,Madeline,17
CA,F,1910,Verna,13
CA,F,1910,Marcella,8
CA,F,1910,Rosa,6
CA,F,1910,Elaine,5
CA,F,1910,Francis,5
CA,F,1910,Lina,5
CA,F,1910,Margie,5
CA,M,1910,Charles,99
CA,M,1910,Walter,50
CA,M,1910,Harry,45
CA,M,1910,Joe,41
CA,M,1910,Francis,30
CA,M,1910,Roy,26
CA,M,1910,Patrick,12
CA,M,1910,Bert,10
CA,M,1910,Leroy,10
CA,M,1910,Angelo,6
CA,M,1910,Jack,60
CA,M,1910,Louis,50
CA,M,1910,Fred,36
CA,M,1910,David,19
CA,M,1910,Ray,18
CA,M,1910,Jose,16
CA,M,1910,Herbert,13
CA,M,1910,Sam,11
CA,M,1910,Ben,8
CA,M,1910,Gerald,8
CA,M,1910,Ronald,8
CA,M,1910,Alex,5
CA,M,1910,Russell,5
CO,F,1910,Mary,193
CO,F,1910,Helen,112
CO,F,1910,Hazel,31
CO,F,1910,Josephine,26
CO,F,1910,Emma,24
CO,F,1910,Martha,19
CO,F,1910,Ida,13
CO,F,1910,Lois,12
CO,F,1910,Lydia,9
CO,F,1910,Frieda,8
CO,F,1910,Leona,8
CO,F,1910,Carmen,7
CO,F,1910,Caroline,7
CO,F,1910,Rose,39
CO,F,1910,Eva,22
CO,F,1910,Vera,17
CO,F,1910,Emily,12
CO,F,1910,Velma,12
CO,F,1910,Sarah,10
CO,F,1910,Olga,7
CO,F,1910,Lola,6
CO,F,1910,Shirley,6
CO,F,1910,Beulah,5
CO,M,1910,Edward,24
CO,M,1910,Walter,14
CO,M,1910,Clarence,13
CO,M,1910,Leroy,8
CO,M,1910,Virgil,8
CO,M,1910,Martin,6
CO,M,1910,James,66
CO,M,1910,Joe,42
CO,M,1910,Raymond,17
CO,M,1910,Ray,9
CO,M,1910,Theodore,6
CT,F,1910,Bertha,28
CT,F,1910,Nellie,17
CT,F,1910,Madeline,12
CT,F,1910,Sylvia,12
CT,F,1910,Ada,7
CT,F,1910,Annie,6
CT,F,1910,Flora,6
CT,F,1910,Phyllis,6
CT,F,1910,Gertrude,34
CT,F,1910,Sarah,15
CT,F,1910,Viola,15
CT,F,1910,Charlotte,14
CT,F,1910,Celia,9
CT,F,1910,Amelia,8
CT,F,1910,Harriet,8
CT,F,1910,Jeannette,8
CT,M,1910,Thomas,34
CT,M,1910,Michael,33
CT,M,1910,Kenneth,15
CT,M,1910,Oliver,6
CT,M,1910,Harold,27
CT,M,1910,Albert,23
CT,M,1910,Richard,16
CT,M,1910,Leonard,8
CT,M,1910,Herbert,7
CT,M,1910,Norman,7
CT,M,1910,Lawrence,6
DC,F,1910,Viola,15
DC,F,1910,Josephine,10
DC,F,1910,Mary,80
DC,F,1910,Helen,52
DC,F,1910,Frances,23
DC,F,1910,Grace,12
DC,F,1910,Audrey,5
DC,M,1910,Albert,14
DC,M,1910,Clarence,7
DC,M,1910,Leroy,5
DC,M,1910,Walter,10
DE,F,1910,Alice,13
DE,F,1910,Irene,8
DE,F,1910,Lillian,8
DE,F,1910,Ruth,8
DE,F,1910,Agnes,6
DE,F,1910,Gertrude,6
DE,F,1910,Margaret,40
DE,F,1910,Gladys,6
DE,F,1910,Louise,5
DE,M,1910,Charles,19
FL,F,1910,Mary,239
FL,F,1910,Ruth,56
FL,F,1910,Beatrice,49
FL,F,1910,Anna,26
FL,F,1910,Clara,25
FL,F,1910,Vera,21
FL,F,1910,Sadie,15
FL,F,1910,Leona,12
FL,F,1910,Eleanor,10
FL,F,1910,Etta,10
FL,F,1910,Rosetta,10
FL,F,1910,Carmen,8
FL,F,1910,Naomi,8
FL,F,1910,Idella,7
FL,F,1910,Sara,6
FL,F,1910,Audrey,5
FL,F,1910,Belle,5
FL,F,1910,Caroline,5
FL,F,1910,Bessie,54
FL,F,1910,Marie,54
FL,F,1910,Martha,35
FL,F,1910,Sarah,34
FL,F,1910,Cora,30
FL,F,1910,Hattie,24
FL,F,1910,Ollie,10
FL,F,1910,Christina,8
FL,F,1910,Hettie,6
FL,F,1910,Pearlie,6
FL,F,1910,Jean,5
FL,M,1910,Leroy,38
FL,M,1910,Samuel,27
FL,M,1910,Jack,23
FL,M,1910,Lonnie,18
FL,M,1910,Tom,13
FL,M,1910,Isaac,8
FL,M,1910,Herman,7
FL,M,1910,Will,7
FL,M,1910,Everett,6
FL,M,1910,Johnny,6
FL,M,1910,Philip,6
FL,M,1910,Bernard,5
FL,M,1910,Moses,5
FL,M,1910,Joseph,44
FL,M,1910,Thomas,39
FL,M,1910,Eddie,36
FL,M,1910,Alfred,20
FL,M,1910,Jimmie,13
FL,M,1910,Manuel,11
FL,M,1910,Claude,10
FL,M,1910,Mike,8
FL,M,1910,Alex,6
FL,M,1910,Clifford,5
FL,M,1910,Randolph,5
GA,F,1910,Mattie,320
GA,F,1910,Ruby,279
GA,F,1910,Eva,115
GA,F,1910,Ella,111
GA,F,1910,Dorothy,100
GA,F,1910,Ola,71
GA,F,1910,Johnnie,62
GA,F,1910,Estelle,60
GA,F,1910,Hazel,59
GA,F,1910,Lottie,50
GA,F,1910,Maude,47
GA,F,1910,Ada,34
GA,F,1910,Leila,33
GA,F,1910,Eloise,25
GA,F,1910,Stella,25
GA,F,1910,Henrietta,24
GA,F,1910,Cornelia,19
GA,F,1910,Mozelle,19
GA,F,1910,Maudie,17
GA,F,1910,Mozell,9
GA,F,1910,Cecil,8
GA,F,1910,Lorine,8
GA,F,1910,Bell,7
GA,F,1910,Lue,7
GA,F,1910,Mittie,7
GA,F,1910,Ozie,7
GA,F,1910,Ester,6
GA,F,1910,Lenora,6
GA,F,1910,Adelaide,5
GA,F,1910,Birtha,5
GA,F,1910,Elease,5
GA,F,1910,Madie,5
GA,F,1910,Rosa,190
GA,F,1910,Marie,166
GA,F,1910,Alice,150
GA,F,1910,Mildred,133
GA,F,1910,Josephine,67
GA,F,1910,Janie,58
GA,F,1910,Gussie,45
GA,F,1910,Jennie,36
GA,F,1910,Anne,15
GA,F,1910,Marjorie,15
GA,F,1910,Olivia,14
GA,F,1910,Tommie,13
GA,F,1910,Elma,11
GA,F,1910,Bennie,8
GA,F,1910,Ina,8
GA,F,1910,Johnie,8
GA,F,1910,Matilda,8
GA,F,1910,George,7
GA,F,1910,Bettie,6
GA,F,1910,Ceola,5
GA,F,1910,Gertie,5
GA,F,1910,Kizzie,5
GA,F,1910,Linda,5
GA,F,1910,Patsy,5
GA,F,1910,Pennie,5
GA,F,1910,Priscilla,5
GA,M,1910,Charlie,207
GA,M,1910,Frank,133
GA,M,1910,Otis,45
GA,M,1910,Will,43
GA,M,1910,Luther,38
GA,M,1910,Louis,35
GA,M,1910,Johnie,26
GA,M,1910,Booker,18
GA,M,1910,Julius,17
GA,M,1910,Hoke,16
GA,M,1910,Elijah,14
GA,M,1910,Calvin,12
GA,M,1910,Jimmy,10
GA,M,1910,Ollie,10
GA,M,1910,Nelson,8
GA,M,1910,Lamar,7
GA,M,1910,Dewey,6
GA,M,1910,Ezekiel,5
GA,M,1910,Lovett,5
GA,M,1910,Marcus,5
GA,M,1910,Joe,150
GA,M,1910,Arthur,97
GA,M,1910,Richard,54
GA,M,1910,Lewis,38
GA,M,1910,Roosevelt,31
GA,M,1910,Raymond,30
GA,M,1910,Milton,26
GA,M,1910,Earl,25
GA,M,1910,Buster,14
GA,M,1910,Emanuel,12
GA,M,1910,Jake,12
GA,M,1910,Solomon,12
GA,M,1910,Carlton,11
GA,M,1910,Douglas,11
GA,M,1910,Donald,10
GA,M,1910,Junior,10
GA,M,1910,Sammie,10
GA,M,1910,Russell,9
GA,M,1910,Fletcher,8
GA,M,1910,Annie,6
GA,M,1910,Elige,6
GA,M,1910,Pete,6
GA,M,1910,Barney,5
GA,M,1910,Kermit,5
GA,M,1910,Neal,5
HI,F,1910,Alice,19
HI,F,1910,Shizuko,9
HI,F,1910,Yoshiko,9
HI,F,1910,Emma,8
HI,F,1910,Mildred,8
HI,F,1910,Mabel,6
HI,F,1910,Marie,6
HI,F,1910,Ellen,5
HI,F,1910,Frances,5
HI,F,1910,Josephine,5
HI,F,1910,Gladys,5
HI,F,1910,Laura,5
HI,F,1910,Lydia,5
HI,M,1910,Edward,7
HI,M,1910,Robert,6
HI,M,1910,Charles,10
IA,F,1910,Margaret,128
IA,F,1910,Grace,73
IA,F,1910,Ruby,54
IA,F,1910,Marjorie,50
IA,F,1910,Wilma,42
IA,F,1910,Pauline,31
IA,F,1910,Virginia,28
IA,F,1910,Loretta,27
IA,F,1910,Ida,26
IA,F,1910,Kathryn,25
IA,F,1910,Mae,23
IA,F,1910,Jean,20
IA,F,1910,Alberta,10
IA,F,1910,Theresa,9
IA,F,1910,Lillie,8
IA,F,1910,Ione,7
IA,F,1910,Nettie,6
IA,F,1910,Sophie,6
IA,F,1910,Winona,6
IA,F,1910,Arline,5
IA,F,1910,Elma,5
IA,F,1910,Myrtle,30
IA,F,1910,Ellen,23
IA,F,1910,Violet,23
IA,F,1910,Inez,19
IA,F,1910,Harriet,14
IA,F,1910,Lula,9
IA,F,1910,Bonnie,7
IA,F,1910,Joyce,7
IA,F,1910,Adeline,6
IA,F,1910,Carol,6
IA,F,1910,Elaine,6
IA,F,1910,Fay,6
IA,F,1910,Mamie,6
IA,F,1910,Clarice,5
IA,F,1910,Edythe,5
IA,F,1910,Susie,5
IA,M,1910,Charles,64
IA,M,1910,Edward,36
IA,M,1910,Walter,33
IA,M,1910,Leo,26
IA,M,1910,Leonard,25
IA,M,1910,Roy,24
IA,M,1910,Chester,9
IA,M,1910,Archie,6
IA,M,1910,Alvin,5
IA,M,1910,Elwood,5
IA,M,1910,Ervin,5
IA,M,1910,Jesse,5
IA,M,1910,Leon,5
IA,M,1910,Harold,80
IA,M,1910,George,74
IA,M,1910,Frank,34
IA,M,1910,Herbert,13
IA,M,1910,Leroy,13
IA,M,1910,Arnold,12
IA,M,1910,Harvey,8
IA,M,1910,Guy,7
IA,M,1910,Jerry,6
IA,M,1910,Andy,5
IA,M,1910,Delbert,5
IA,M,1910,Roger,5
ID,F,1910,Florence,15
ID,F,1910,Emma,6
ID,F,1910,Martha,6
ID,F,1910,Evelyn,15
ID,F,1910,Pauline,10
ID,F,1910,Ethel,9
ID,F,1910,Blanche,7
ID,F,1910,Lucille,6
ID,F,1910,Beatrice,5
ID,F,1910,Flora,5
ID,M,1910,William,29
ID,M,1910,George,18
ID,M,1910,Harry,6
ID,M,1910,Kenneth,5
ID,M,1910,Theodore,6
IL,F,1910,Betty,101
IL,F,1910,Emma,88
IL,F,1910,Ida,68
IL,F,1910,Goldie,35
IL,F,1910,Inez,35
IL,F,1910,Patricia,29
IL,F,1910,Faye,24
IL,F,1910,Dolores,23
IL,F,1910,Eula,14
IL,F,1910,Lula,13
IL,F,1910,Elvira,11
IL,F,1910,Effie,10
IL,F,1910,Janet,10
IL,F,1910,Aline,9
IL,F,1910,Elisabeth,9
IL,F,1910,Christina,7
IL,F,1910,Clarice,7
IL,F,1910,Hope,7
IL,F,1910,Blanch,6
IL,F,1910,Hortense,6
IL,F,1910,Louella,5
IL,F,1910,Anna,370
IL,F,1910,Rose,268
IL,F,1910,Catherine,184
IL,F,1910,Edith,145
IL,F,1910,Bertha,97
IL,F,1910,Stella,89
IL,F,1910,Kathryn,68
IL,F,1910,Lois,64
IL,F,1910,Theresa,63
IL,F,1910,Blanche,60
IL,F,1910,Juanita,41
IL,F,1910,June,31
IL,F,1910,Phyllis,28
IL,F,1910,Celia,23
IL,F,1910,Christine,23
IL,F,1910,Winifred,22
IL,F,1910,Lorene,21
IL,F,1910,Maxine,18
IL,F,1910,Mamie,17
IL,F,1910,Teresa,15
IL,F,1910,Zelma,14
IL,F,1910,Nell,12
IL,F,1910,Claire,11
IL,F,1910,Kay,11
IL,F,1910,Berniece,9
IL,F,1910,Mercedes,8
IL,F,1910,Albina,7
IL,F,1910,Janice,7
IL,F,1910,Delphine,6
IL,F,1910,Gloria,6
IL,F,1910,Helena,6
IL,F,1910,Rosie,6
IL,F,1910,Valeria,6
IL,F,1910,Winnie,6
IL,F,1910,Adrienne,5
IL,F,1910,Beth,5
IL,M,1910,Elmer,46
IL,M,1910,Lester,33
IL,M,1910,Edwin,32
IL,M,1910,Floyd,27
IL,M,1910,Emil,26
IL,M,1910,Oscar,19
IL,M,1910,Lewis,14
IL,M,1910,Clyde,13
IL,M,1910,Wesley,13
IL,M,1910,Eddie,10
IL,M,1910,Roger,9
IL,M,1910,Wilbert,9
IL,M,1910,Alex,8
IL,M,1910,Alan,7
IL,M,1910,Bert,7
IL,M,1910,Ed,7
IL,M,1910,Miles,6
IL,M,1910,Sylvester,5
IL,M,1910,Vernie,5
IL,M,1910,Wallace,5
IL,M,1910,Joseph,364
IL,M,1910,James,329
IL,M,1910,Arthur,133
IL,M,1910,Harry,123
IL,M,1910,Anthony,59
IL,M,1910,Bernard,48
IL,M,1910,Ernest,27
IL,M,1910,Gilbert,18
IL,M,1910,Phillip,16
IL,M,1910,Lyle,12
IL,M,1910,Sidney,12
IL,M,1910,Angelo,10
IL,M,1910,Delbert,9
IL,M,1910,Hugh,9
IL,M,1910,Johnnie,9
IL,M,1910,Laverne,8
IL,M,1910,Pete,7
IL,M,1910,Ted,6
IL,M,1910,Wendell,6
IL,M,1910,Irwin,5
IN,F,1910,Margaret,196
IN,F,1910,Thelma,137
IN,F,1910,Pauline,77
IN,F,1910,Clara,61
IN,F,1910,Mabel,60
IN,F,1910,Gertrude,53
IN,F,1910,Elsie,41
IN,F,1910,Fern,29
IN,F,1910,Stella,22
IN,F,1910,Ella,19
IN,F,1910,Dora,17
IN,F,1910,Ada,13
IN,F,1910,Carolyn,13
IN,F,1910,Dorotha,12
IN,F,1910,Maude,12
IN,F,1910,Luella,10
IN,F,1910,Estella,9
IN,F,1910,Lottie,8
IN,F,1910,May,8
IN,F,1910,Amy,7
IN,F,1910,Phyllis,7
IN,F,1910,Cecile,6
IN,F,1910,Rosemary,5
IN,F,1910,Zella,5
IN,F,1910,Dorothy,215
IN,F,1910,Lois,36
IN,F,1910,Genevieve,35
IN,F,1910,Inez,35
IN,F,1910,Pearl,35
IN,F,1910,Marguerite,32
IN,F,1910,Myrtle,26
IN,F,1910,Bonnie,11
IN,F,1910,Hallie,9
IN,F,1910,Janice,9
IN,F,1910,Eileen,8
IN,F,1910,Etta,6
IN,F,1910,Katie,6
IN,F,1910,Elma,5
IN,M,1910,James,126
IN,M,1910,Edward,57
IN,M,1910,Arthur,45
IN,M,1910,Albert,33
IN,M,1910,Ray,22
IN,M,1910,Herbert,16
IN,M,1910,Daniel,13
IN,M,1910,Edwin,9
IN,M,1910,Anthony,7
IN,M,1910,Benjamin,6
IN,M,1910,Leo,6
IN,M,1910,Merle,6
IN,M,1910,George,82
IN,M,1910,Joseph,66
IN,M,1910,Earl,25
IN,M,1910,Ernest,24
IN,M,1910,Francis,21
IN,M,1910,Jesse,15
IN,M,1910,Jack,14
IN,M,1910,Samuel,9
IN,M,1910,Hugh,8
IN,M,1910,Michael,6
IN,M,1910,Oliver,5
KS,F,1910,Gertrude,30
KS,F,1910,Katherine,20
KS,F,1910,Norma,15
KS,F,1910,Audrey,14
KS,F,1910,Cora,10
KS,F,1910,Stella,9
KS,F,1910,Etta,8
KS,F,1910,Fannie,7
KS,F,1910,Leota,7
KS,F,1910,Marcella,6
KS,F,1910,Muriel,6
KS,F,1910,Neva,6
KS,F,1910,Olga,5
KS,F,1910,Theresa,5
KS,F,1910,Velma,66
KS,F,1910,Elizabeth,55
KS,F,1910,Bertha,52
KS,F,1910,Nellie,48
KS,F,1910,Martha,45
KS,F,1910,Marjorie,37
KS,F,1910,Mabel,29
KS,F,1910,Betty,15
KS,F,1910,Olive,11
KS,F,1910,Amy,9
KS,F,1910,Harriet,9
KS,F,1910,Maurine,9
KS,F,1910,Wanda,8
KS,F,1910,Christine,7
KS,F,1910,Crystal,7
KS,F,1910,Effie,7
KS,F,1910,Rita,7
KS,F,1910,Marian,6
KS,F,1910,Dorothea,5
KS,F,1910,Nettie,5
KS,F,1910,Ola,5
KS,M,1910,William,104
KS,M,1910,Harold,58
KS,M,1910,Albert,35
KS,M,1910,Walter,33
KS,M,1910,Lloyd,19
KS,M,1910,Eugene,16
KS,M,1910,Lee,14
KS,M,1910,Samuel,10
KS,M,1910,Martin,7
KS,M,1910,Gerald,6
KS,M,1910,Stanley,6
KS,M,1910,Anthony,5
KS,M,1910,Loren,5
KS,M,1910,Warren,5
KS,M,1910,Joseph,37
KS,M,1910,Glenn,24
KS,M,1910,Alfred,18
KS,M,1910,Marion,15
KS,M,1910,Orville,13
KS,M,1910,Clyde,11
KS,M,1910,Andrew,8
KS,M,1910,Frederick,6
KS,M,1910,Emmett,5
KS,M,1910,Forrest,5
KS,M,1910,Jessie,5
KY,F,1910,Georgia,67
KY,F,1910,Beatrice,61
KY,F,1910,Opal,55
KY,F,1910,Nora,49
KY,F,1910,Jessie,43
KY,F,1910,Josephine,41
KY,F,1910,Nettie,25
KY,F,1910,Eliza,22
KY,F,1910,Nell,22
KY,F,1910,Verna,22
KY,F,1910,Lizzie,20
KY,F,1910,Eunice,18
KY,F,1910,Dovie,16
KY,F,1910,Vivian,16
KY,F,1910,Elva,15
KY,F,1910,Roberta,14
KY,F,1910,Eleanor,10
KY,F,1910,Golda,9
KY,F,1910,Lenora,8
KY,F,1910,Melda,6
KY,F,1910,Celia,5
KY,F,1910,Frankie,5
KY,F,1910,Freda,5
KY,F,1910,Vela,5
KY,F,1910,Mary,793
KY,F,1910,Elizabeth,191
KY,F,1910,Dorothy,143
KY,F,1910,Martha,121
KY,F,1910,Lillian,112
KY,F,1910,Lucille,98
KY,F,1910,Catherine,79
KY,F,1910,Florence,72
KY,F,1910,Pauline,60
KY,F,1910,Susie,45
KY,F,1910,Betty,40
KY,F,1910,Agnes,33
KY,F,1910,Ellen,28
KY,F,1910,Iva,28
KY,F,1910,May,22
KY,F,1910,Gracie,21
KY,F,1910,Addie,18
KY,F,1910,Violet,18
KY,F,1910,Jennie,17
KY,F,1910,Allie,13
KY,F,1910,Fanny,10
KY,F,1910,Marion,10
KY,F,1910,Cornelia,7
KY,F,1910,Garnet,6
KY,F,1910,Dessie,5
KY,F,1910,Lura,5
KY,M,1910,Robert,195
KY,M,1910,Ralph,22
KY,M,1910,Alfred,16
KY,M,1910,Bert,12
KY,M,1910,Irvin,9
KY,M,1910,Alex,8
KY,M,1910,Dan,8
KY,M,1910,Wesley,8
KY,M,1910,Boyd,6
KY,M,1910,Coleman,6
KY,M,1910,Jewell,6
KY,M,1910,Willis,6
KY,M,1910,Edward,63
KY,M,1910,Frank,60
KY,M,1910,Joe,47
KY,M,1910,Carl,40
KY,M,1910,Richard,35
KY,M,1910,Orville,16
KY,M,1910,Theodore,16
KY,M,1910,Harvey,14
KY,M,1910,Stanley,14
KY,M,1910,Arnold,13
KY,M,1910,Sherman,12
KY,M,1910,Tom,10
KY,M,1910,Jerome,9
KY,M,1910,Ambrose,8
KY,M,1910,Bruce,8
KY,M,1910,Calvin,7
KY,M,1910,Nelson,6
KY,M,1910,Byron,5
KY,M,1910,Estel,5
KY,M,1910,Peter,5
LA,F,1910,Beatrice,132
LA,F,1910,Alice,128
LA,F,1910,Emma,92
LA,F,1910,Pearl,85
LA,F,1910,Willie,73
LA,F,1910,Rosie,63
LA,F,1910,Beulah,48
LA,F,1910,Eula,31
LA,F,1910,Georgia,31
LA,F,1910,Ellen,29
LA,F,1910,Lucy,24
LA,F,1910,Henrietta,23
LA,F,1910,Lydia,20
LA,F,1910,Estelle,19
LA,F,1910,Amy,18
LA,F,1910,Norma,17
LA,F,1910,Eleanor,14
LA,F,1910,Lelia,14
LA,F,1910,Caroline,13
LA,F,1910,Bertie,12
LA,F,1910,Antoinette,11
LA,F,1910,Janie,10
LA,F,1910,Winnie,10
LA,F,1910,Nola,9
LA,F,1910,Odile,9
LA,F,1910,Eugenia,8
LA,F,1910,Lenora,8
LA,F,1910,Lovenia,7
LA,F,1910,Birdie,6
LA,F,1910,Hannah,6
LA,F,1910,Loretta,6
LA,F,1910,Rosia,6
LA,F,1910,Celina,5
LA,F,1910,Clothilde,5
LA,F,1910,Clotile,5
LA,F,1910,Jean,5
LA,F,1910,Leonie,5
LA,F,1910,Lue,5
LA,F,1910,Madge,5
LA,F,1910,Mary,586
LA,F,1910,Florence,90
LA,F,1910,Viola,88
LA,F,1910,Alma,81
LA,F,1910,Bernice,57
LA,F,1910,Effie,42
LA,F,1910,Katie,38
LA,F,1910,Aline,33
LA,F,1910,Vivian,26
LA,F,1910,Rachel,22
LA,F,1910,Doris,21
LA,F,1910,Lottie,21
LA,F,1910,Josie,15
LA,F,1910,Albertha,14
LA,F,1910,Maria,14
LA,F,1910,Corine,13
LA,F,1910,Lessie,13
LA,F,1910,Augustine,11
LA,F,1910,Lucile,11
LA,F,1910,Angeline,9
LA,F,1910,Gertie,9
LA,F,1910,Jewel,9
LA,F,1910,Odelia,9
LA,F,1910,Augusta,8
LA,F,1910,Corrine,7
LA,F,1910,Elia,7
LA,F,1910,Elvira,7
LA,F,1910,Elda,6
LA,F,1910,Marceline,6
LA,F,1910,Althea,5
LA,F,1910,Artie,5
LA,F,1910,Idella,5
LA,F,1910,Miriam,5
LA,F,1910,Tressie,5
LA,M,1910,Frank,72
LA,M,1910,Claude,22
LA,M,1910,Allen,16
LA,M,1910,Charley,15
LA,M,1910,Melvin,14
LA,M,1910,Edgar,13
LA,M,1910,Nathaniel,12
LA,M,1910,Bennie,10
LA,M,1910,Felton,10
LA,M,1910,Nick,10
LA,M,1910,Stanley,10
LA,M,1910,Cecil,9
LA,M,1910,Wilfred,8
LA,M,1910,Felix,7
LA,M,1910,Ray,7
LA,M,1910,August,6
LA,M,1910,Ike,6
LA,M,1910,Kelly,6
LA,M,1910,Houston,5
LA,M,1910,Newton,5
LA,M,1910,Ernest,49
LA,M,1910,Leroy,22
LA,M,1910,Eugene,21
LA,M,1910,Leonard,16
LA,M,1910,Will,15
LA,M,1910,Otis,14
LA,M,1910,Johnny,13
LA,M,1910,Matthew,12
LA,M,1910,Wilbert,12
LA,M,1910,Clifford,10
LA,M,1910,Jerry,9
LA,M,1910,Victor,7
LA,M,1910,Bob,6
LA,M,1910,Michael,6
LA,M,1910,Camille,5
LA,M,1910,Harrison,5
LA,M,1910,Nolan,5
LA,M,1910,Shelton,5
MA,F,1910,Alice,313
MA,F,1910,Florence,168
MA,F,1910,Beatrice,114
MA,F,1910,Marjorie,86
MA,F,1910,Marguerite,58
MA,F,1910,Blanche,55
MA,F,1910,Charlotte,47
MA,F,1910,Pauline,43
MA,F,1910,Veronica,21
MA,F,1910,Claire,18
MA,F,1910,Isabelle,18
MA,F,1910,Germaine,13
MA,F,1910,Christine,12
MA,F,1910,Edythe,11
MA,F,1910,Patricia,10
MA,F,1910,Gwendolyn,6
MA,F,1910,Joan,6
MA,F,1910,Winnifred,6
MA,F,1910,Juliette,5
MA,F,1910,Edna,92
MA,F,1910,Barbara,56
MA,F,1910,Harriet,29
MA,F,1910,Loretta,28
MA,F,1910,Hilda,27
MA,F,1910,Kathleen,27
MA,F,1910,Betty,25
MA,F,1910,Myrtle,24
MA,F,1910,Jeanette,21
MA,F,1910,Sadie,21
MA,F,1910,Janet,19
MA,F,1910,Lydia,13
MA,F,1910,Stephanie,12
MA,F,1910,Susan,11
MA,F,1910,Carmela,10
MA,F,1910,Marcella,7
MA,F,1910,Albina,6
MA,F,1910,Evangeline,6
MA,F,1910,Eve,5
MA,F,1910,Inez,5
MA,F,1910,Molly,5
MA,F,1910,Sue,5
MA,M,1910,Everett,11
MA,M,1910,Jack,9
MA,M,1910,Angelo,7
MA,M,1910,Julius,7
MA,M,1910,Willard,6
MA,M,1910,Clayton,5
MA,M,1910,Sumner,5
MA,M,1910,William,259
MA,M,1910,Lawrence,33
MA,M,1910,Peter,33
MA,M,1910,Vincent,15
MA,M,1910,Lewis,9
MA,M,1910,Nelson,8
MA,M,1910,Gordon,6
MA,M,1910,Mary,6
MA,M,1910,Sam,6
MD,F,1910,Dorothy,113
MD,F,1910,Evelyn,92
MD,F,1910,Sarah,53
MD,F,1910,Myrtle,36
MD,F,1910,Lillie,20
MD,F,1910,Marion,17
MD,F,1910,Pauline,17
MD,F,1910,Madeline,15
MD,F,1910,Lucille,14
MD,F,1910,Alma,11
MD,F,1910,Elva,10
MD,F,1910,Jane,10
MD,F,1910,Estelle,8
MD,F,1910,Adele,5
MD,F,1910,Janet,5
MD,F,1910,Grace,64
MD,F,1910,Virginia,59
MD,F,1910,Hazel,37
MD,F,1910,Loretta,14
MD,F,1910,Sara,14
MD,F,1910,Anne,13
MD,F,1910,Kathleen,11
MD,F,1910,Freda,10
MD,F,1910,Dorothea,6
MD,M,1910,Clarence,26
MD,M,1910,Alexander,10
MD,M,1910,Gilbert,6
MD,M,1910,Jesse,6
MD,M,1910,Alvin,5
MD,M,1910,Harvey,5
MD,M,1910,Irvin,5
MD,M,1910,Philip,5
MD,M,1910,George,112
MD,M,1910,Robert,77
MD,M,1910,Arthur,25
MD,M,1910,Earl,16
MD,M,1910,Vernon,15
MD,M,1910,Carl,11
MD,M,1910,Anthony,10
MD,M,1910,Andrew,8
MD,M,1910,Jerome,7
MD,M,1910,Wilson,7
ME,F,1910,Ethel,27
ME,F,1910,Virginia,24
ME,F,1910,Marguerite,18
ME,F,1910,Annie,13
ME,F,1910,Irma,7
ME,F,1910,Olive,7
ME,F,1910,Minnie,6
ME,F,1910,Helen,60
ME,F,1910,Margaret,49
ME,F,1910,Elizabeth,44
ME,F,1910,Evelyn,36
ME,F,1910,Marion,32
ME,F,1910,Katherine,21
ME,F,1910,Rita,6
ME,M,1910,Ralph,16
ME,M,1910,Francis,12
ME,M,1910,Richard,11
ME,M,1910,Henry,7
ME,M,1910,Wallace,5
ME,M,1910,William,29
ME,M,1910,James,20
ME,M,1910,Alfred,8
ME,M,1910,Frederick,5
MI,F,1910,Florence,164
MI,F,1910,Hazel,89
MI,F,1910,Josephine,84
MI,F,1910,Thelma,82
MI,F,1910,Mabel,58
MI,F,1910,Kathryn,37
MI,F,1910,Blanche,25
MI,F,1910,Jessie,25
MI,F,1910,Sarah,16
MI,F,1910,Verna,16
MI,F,1910,Lola,13
MI,F,1910,Estelle,12
MI,F,1910,Carol,7
MI,F,1910,Annie,6
MI,F,1910,Eloise,6
MI,F,1910,Loraine,6
MI,F,1910,Millie,5
MI,F,1910,Helen,368
MI,F,1910,Ruth,212
MI,F,1910,Marian,50
MI,F,1910,Theresa,37
MI,F,1910,Erma,23
MI,F,1910,Harriet,21
MI,F,1910,Velma,21
MI,F,1910,Eileen,17
MI,F,1910,Kathleen,17
MI,F,1910,Lila,17
MI,F,1910,Cecilia,15
MI,F,1910,Sadie,15
MI,F,1910,Flora,11
MI,F,1910,Iva,11
MI,F,1910,Nora,11
MI,F,1910,Shirley,11
MI,F,1910,Georgia,9
MI,F,1910,Etta,8
MI,F,1910,Patricia,8
MI,F,1910,Joanna,7
MI,F,1910,Linda,6
MI,F,1910,Estella,5
MI,F,1910,Harriette,5
MI,F,1910,Merle,5
MI,F,1910,Nona,5
MI,M,1910,Edward,111
MI,M,1910,Walter,58
MI,M,1910,Roy,35
MI,M,1910,Michael,16
MI,M,1910,Cecil,11
MI,M,1910,Morris,8
MI,M,1910,Clayton,7
MI,M,1910,Eino,7
MI,M,1910,Delbert,6
MI,M,1910,Anton,5
MI,M,1910,Dennis,5
MI,M,1910,Marion,5
MI,M,1910,Ronald,5
MI,M,1910,George,134
MI,M,1910,Henry,44
MI,M,1910,Lawrence,34
MI,M,1910,Anthony,17
MI,M,1910,Leslie,15
MI,M,1910,Glenn,14
MI,M,1910,Lyle,12
MI,M,1910,Julius,10
MI,M,1910,Stephen,9
MI,M,1910,Benjamin,8
MI,M,1910,Adam,7
MI,M,1910,Otto,7
MI,M,1910,Steve,7
MI,M,1910,Jerry,6
MI,M,1910,Ben,5
MI,M,1910,Rudolph,5
MI,M,1910,Toivo,5
MN,F,1910,Ruth,136
MN,F,1910,Alice,116
MN,F,1910,Viola,55
MN,F,1910,Ruby,41
MN,F,1910,Josephine,40
MN,F,1910,Alma,35
MN,F,1910,Beatrice,28
MN,F,1910,Inez,19
MN,F,1910,Phyllis,13
MN,F,1910,Lorraine,12
MN,F,1910,Regina,10
MN,F,1910,Lucy,9
MN,F,1910,Nina,9
MN,F,1910,Veronica,8
MN,F,1910,Lily,7
MN,F,1910,Tillie,7
MN,F,1910,Annette,5
MN,F,1910,Evelyn,135
MN,F,1910,Mabel,82
MN,F,1910,Rose,69
MN,F,1910,Elizabeth,68
MN,F,1910,Pearl,48
MN,F,1910,Catherine,46
MN,F,1910,Elsie,41
MN,F,1910,Bertha,38
MN,F,1910,Marian,30
MN,F,1910,Kathryn,18
MN,F,1910,Nora,17
MN,F,1910,Beulah,16
MN,F,1910,Selma,14
MN,F,1910,Ina,13
MN,F,1910,Freda,12
MN,F,1910,Kathleen,10
MN,F,1910,Erna,9
MN,F,1910,Adelaide,8
MN,F,1910,Angeline,8
MN,F,1910,Elvira,8
MN,F,1910,Hildegarde,6
MN,F,1910,Linda,6
MN,F,1910,Meta,5
MN,F,1910,Myra,5
MN,F,1910,Opal,5
MN,F,1910,Teresa,5
MN,M,1910,Kenneth,37
MN,M,1910,Elmer,19
MN,M,1910,Alfred,18
MN,M,1910,Herbert,18
MN,M,1910,Glenn,9
MN,M,1910,Willard,7
MN,M,1910,Ervin,6
MN,M,1910,Frederick,6
MN,M,1910,Julius,5
MN,M,1910,Miles,5
MN,M,1910,Steve,5
MN,M,1910,William,67
MN,M,1910,Clarence,51
MN,M,1910,Albert,31
MN,M,1910,Roy,29
MN,M,1910,Earl,25
MN,M,1910,Jack,16
MN,M,1910,Chester,13
MN,M,1910,Everett,13
MN,M,1910,Ray,13
MN,M,1910,Gordon,9
MN,M,1910,Conrad,5
MO,F,1910,Mary,611
MO,F,1910,Helen,313
MO,F,1910,Anna,162
MO,F,1910,Ethel,116
MO,F,1910,Catherine,85
MO,F,1910,Gertrude,77
MO,F,1910,Alma,62
MO,F,1910,Velma,58
MO,F,1910,Sarah,39
MO,F,1910,Ann,36
MO,F,1910,Vivian,35
MO,F,1910,Ellen,30
MO,F,1910,Freda,25
MO,F,1910,Nancy,22
MO,F,1910,Jewel,19
MO,F,1910,Effie,16
MO,F,1910,Aileen,14
MO,F,1910,Melba,14
MO,F,1910,Rosa,14
MO,F,1910,Ora,12
MO,F,1910,Celeste,10
MO,F,1910,Estella,10
MO,F,1910,Helene,9
MO,F,1910,Hester,9
MO,F,1910,Laverne,9
MO,F,1910,Carmen,8
MO,F,1910,Elda,8
MO,F,1910,Sara,8
MO,F,1910,Aline,7
MO,F,1910,Lura,7
MO,F,1910,Clarice,6
MO,F,1910,Augusta,5
MO,F,1910,Francis,5
MO,F,1910,Jeannette,5
MO,F,1910,Kate,5
MO,F,1910,Selma,5
MO,F,1910,Marie,218
MO,F,1910,Margaret,207
MO,F,1910,Pearl,75
MO,F,1910,Juanita,49
MO,F,1910,Alta,32
MO,F,1910,Lola,32
MO,F,1910,Eunice,29
MO,F,1910,Daisy,24
MO,F,1910,Adele,22
MO,F,1910,Lydia,16
MO,F,1910,Mollie,16
MO,F,1910,Bonnie,12
MO,F,1910,Caroline,11
MO,F,1910,Susan,11
MO,F,1910,Lottie,10
MO,F,1910,Anita,9
MO,F,1910,Isabelle,9
MO,F,1910,Willa,9
MO,F,1910,Alyce,8
MO,F,1910,Eugenia,8
MO,F,1910,Blanch,7
MO,F,1910,Harriett,7
MO,F,1910,Lilly,7
MO,F,1910,Golda,6
MO,F,1910,Roxie,6
MO,F,1910,Garnet,5
MO,F,1910,Melva,5
MO,F,1910,Norine,5
MO,M,1910,Floyd,42
MO,M,1910,Leo,33
MO,M,1910,Lester,29
MO,M,1910,Donald,21
MO,M,1910,Vernon,21
MO,M,1910,Willard,18
MO,M,1910,Leroy,14
MO,M,1910,Norman,14
MO,M,1910,Ben,13
MO,M,1910,Rudolph,9
MO,M,1910,Forrest,8
MO,M,1910,Aubrey,7
MO,M,1910,Herschel,6
MO,M,1910,Luther,6
MO,M,1910,Rex,5
MO,M,1910,Paul,88
MO,M,1910,Fred,57
MO,M,1910,Albert,52
MO,M,1910,Lawrence,35
MO,M,1910,Claude,22
MO,M,1910,Anthony,21
MO,M,1910,Samuel,18
MO,M,1910,Ira,10
MO,M,1910,Loren,10
MO,M,1910,Hugh,9
MO,M,1910,Jacob,7
MO,M,1910,Leon,7
MO,M,1910,Gordon,6
MO,M,1910,Garland,5
MO,M,1910,Mark,5
MO,M,1910,Marshall,5
MO,M,1910,Roger,5
MS,F,1910,Ida,90
MS,F,1910,Fannie,82
MS,F,1910,Alberta,60
MS,F,1910,Pearl,55
MS,F,1910,Julia,51
MS,F,1910,Ora,40
MS,F,1910,Lola,29
MS,F,1910,Lee,24
MS,F,1910,Etta,22
MS,F,1910,Janie,22
MS,F,1910,Anne,19
MS,F,1910,Wilma,19
MS,F,1910,Flossie,16
MS,F,1910,Mandy,15
MS,F,1910,Millie,15
MS,F,1910,Jane,13
MS,F,1910,Corrine,11
MS,F,1910,Ina,11
MS,F,1910,Rosetta,11
MS,F,1910,Celia,10
MS,F,1910,Cleo,10
MS,F,1910,Lelia,8
MS,F,1910,Clyde,7
MS,F,1910,Amie,6
MS,F,1910,Emmer,6
MS,F,1910,Kitty,5
MS,F,1910,Mazie,5
MS,F,1910,Annie,354
MS,F,1910,Emma,124
MS,F,1910,Beatrice,99
MS,F,1910,Ruth,93
MS,F,1910,Susie,84
MS,F,1910,Marie,75
MS,F,1910,Frances,70
MS,F,1910,Josephine,61
MS,F,1910,Evelyn,49
MS,F,1910,Ellen,26
MS,F,1910,Juanita,26
MS,F,1910,Nora,24
MS,F,1910,Bernice,23
MS,F,1910,Josie,22
MS,F,1910,Stella,22
MS,F,1910,Sara,20
MS,F,1910,Eliza,19
MS,F,1910,Lovie,16
MS,F,1910,Lue,15
MS,F,1910,Idell,11
MS,F,1910,Idella,11
MS,F,1910,Sammie,5
MS,M,1910,Walter,102
MS,M,1910,Fred,72
MS,M,1910,Tom,46
MS,M,1910,Arthur,43
MS,M,1910,Luther,30
MS,M,1910,Paul,26
MS,M,1910,Ira,17
MS,M,1910,Lonnie,17
MS,M,1910,Daniel,16
MS,M,1910,Isaac,14
MS,M,1910,Leo,10
MS,M,1910,Grant,8
MS,M,1910,Haywood,8
MS,M,1910,Jeff,8
MS,M,1910,Roscoe,8
MS,M,1910,Russell,8
MS,M,1910,Edmond,7
MS,M,1910,Ester,7
MS,M,1910,Dewitt,6
MS,M,1910,Everett,6
MS,M,1910,Van,6
MS,M,1910,Buddy,5
MS,M,1910,Columbus,5
MS,M,1910,Emmett,5
MS,M,1910,Evans,5
MS,M,1910,Mike,5
MS,M,1910,Albert,85
MS,M,1910,Thomas,82
MS,M,1910,Percy,40
MS,M,1910,Clyde,27
MS,M,1910,Bill,23
MS,M,1910,Otis,23
MS,M,1910,Amos,16
MS,M,1910,Hugh,14
MS,M,1910,Carl,13
MS,M,1910,Elijah,13
MS,M,1910,Peter,12
MS,M,1910,Leslie,11
MS,M,1910,Sammie,10
MS,M,1910,Grover,8
MS,M,1910,Mose,8
MS,M,1910,Francis,7
MS,M,1910,Shelby,7
MS,M,1910,Troy,7
MS,M,1910,Dewey,6
MS,M,1910,Elzie,6
MS,M,1910,Noel,6
MS,M,1910,Isaiah,5
MS,M,1910,Quincy,5
MT,F,1910,Helen,58
MT,F,1910,Alice,21
MT,F,1910,Lillian,13
MT,F,1910,Rose,13
MT,F,1910,Irene,8
MT,F,1910,Ida,6
MT,F,1910,Jane,6
MT,F,1910,Ethel,16
MT,F,1910,Catherine,14
MT,F,1910,Jennie,9
MT,F,1910,Hazel,8
MT,F,1910,Phyllis,6
MT,M,1910,Jack,14
MT,M,1910,Arthur,9
MT,M,1910,Henry,9
MT,M,1910,Raymond,8
MT,M,1910,Louis,6
MT,M,1910,Alfred,5
MT,M,1910,Richard,5
MT,M,1910,Albert,12
MT,M,1910,David,9
MT,M,1910,Ted,5
NC,F,1910,Ruth,235
NC,F,1910,Lillie,167
NC,F,1910,Minnie,131
NC,F,1910,Sallie,73
NC,F,1910,Janie,43
NC,F,1910,Katherine,33
NC,F,1910,Rachel,27
NC,F,1910,Ora,24
NC,F,1910,Eliza,20
NC,F,1910,Bertie,15
NC,F,1910,Mozelle,14
NC,F,1910,Letha,12
NC,F,1910,Lossie,12
NC,F,1910,Gertie,11
NC,F,1910,Madeline,10
NC,F,1910,Frankie,8
NC,F,1910,Lora,8
NC,F,1910,Jannie,7
NC,F,1910,Ester,6
NC,F,1910,Luetta,6
NC,F,1910,Leila,5
NC,F,1910,Robena,5
NC,F,1910,Vallie,5
NC,F,1910,Annie,401
NC,F,1910,Maggie,106
NC,F,1910,Clara,95
NC,F,1910,Mamie,95
NC,F,1910,Ida,89
NC,F,1910,Lula,88
NC,F,1910,Jessie,85
NC,F,1910,Viola,76
NC,F,1910,Gertrude,69
NC,F,1910,Esther,64
NC,F,1910,Effie,42
NC,F,1910,Agnes,38
NC,F,1910,Nora,37
NC,F,1910,Eunice,34
NC,F,1910,Callie,24
NC,F,1910,Alberta,22
NC,F,1910,May,20
NC,F,1910,Roberta,19
NC,F,1910,Dollie,18
NC,F,1910,Victoria,15
NC,F,1910,Pansy,14
NC,F,1910,Iva,12
NC,F,1910,Billie,11
NC,F,1910,Eloise,11
NC,F,1910,Marguerite,11
NC,F,1910,Isabelle,10
NC,F,1910,Jeanette,10
NC,F,1910,Luella,10
NC,F,1910,Claudia,9
NC,F,1910,Kathryn,8
NC,F,1910,Lona,8
NC,F,1910,Rhoda,7
NC,F,1910,Myrtie,6
NC,F,1910,Priscilla,6
NC,F,1910,Cordie,5
NC,F,1910,Evie,5
NC,F,1910,George,5
NC,F,1910,Mozell,5
NC,M,1910,George,215
NC,M,1910,Clarence,54
NC,M,1910,Albert,41
NC,M,1910,Jack,37
NC,M,1910,Andrew,31
NC,M,1910,Elbert,18
NC,M,1910,Grady,17
NC,M,1910,Moses,17
NC,M,1910,Leo,11
NC,M,1910,Cecil,10
NC,M,1910,Wade,10
NC,M,1910,Donald,9
NC,M,1910,Ed,9
NC,M,1910,Alex,8
NC,M,1910,Jacob,8
NC,M,1910,Kenneth,8
NC,M,1910,Carlton,7
NC,M,1910,Ellis,7
NC,M,1910,Preston,6
NC,M,1910,Worth,6
NC,M,1910,Buck,5
NC,M,1910,Cicero,5
NC,M,1910,Reuben,5
NC,M,1910,Robert,240
NC,M,1910,Fred,60
NC,M,1910,Howard,46
NC,M,1910,Theodore,32
NC,M,1910,Earl,31
NC,M,1910,Allen,20
NC,M,1910,Benjamin,20
NC,M,1910,Oscar,19
NC,M,1910,Elmer,18
NC,M,1910,Leon,18
NC,M,1910,Clifton,15
NC,M,1910,Russell,14
NC,M,1910,Sidney,14
NC,M,1910,Jasper,12
NC,M,1910,Lacy,10
NC,M,1910,Francis,8
NC,M,1910,Jimmie,7
NC,M,1910,Arnold,6
NC,M,1910,King,6
NC,M,1910,Spencer,6
NC,M,1910,Hiram,5
NC,M,1910,Jackson,5
ND,F,1910,Margaret,61
ND,F,1910,Clara,36
ND,F,1910,Kathryn,20
ND,F,1910,Minnie,15
ND,F,1910,Julia,7
ND,F,1910,Dora,6
ND,F,1910,Norma,5
ND,F,1910,Alice,61
ND,F,1910,Lillian,35
ND,F,1910,Catherine,21
ND,F,1910,Pearl,19
ND,F,1910,Beatrice,18
ND,F,1910,Selma,15
ND,F,1910,Edith,12
ND,F,1910,Vivian,11
ND,F,1910,Jennie,7
ND,F,1910,Edythe,5
ND,M,1910,Joseph,21
ND,M,1910,Paul,8
ND,M,1910,Lyle,7
ND,M,1910,Arnold,6
ND,M,1910,Chester,5
ND,M,1910,John,56
ND,M,1910,George,39
ND,M,1910,Richard,9
ND,M,1910,Lester,6
ND,M,1910,Leroy,5
NE,F,1910,Marie,80
NE,F,1910,Clara,40
NE,F,1910,Marjorie,24
NE,F,1910,Erma,17
NE,F,1910,Lucile,17
NE,F,1910,Lila,14
NE,F,1910,Verna,11
NE,F,1910,June,7
NE,F,1910,Maude,7
NE,F,1910,Leah,6
NE,F,1910,Nina,6
NE,F,1910,Sophia,5
NE,F,1910,Margaret,96
NE,F,1910,Lucille,50
NE,F,1910,Florence,47
NE,F,1910,Martha,28
NE,F,1910,Pearl,26
NE,F,1910,Virginia,25
NE,F,1910,Velma,18
NE,F,1910,Wilma,16
NE,F,1910,Jean,12
NE,F,1910,Marian,12
NE,F,1910,Norma,12
NE,F,1910,Geraldine,9
NE,F,1910,Iva,9
NE,F,1910,Leone,9
NE,F,1910,Loretta,9
NE,F,1910,Mae,9
NE,F,1910,Daisy,8
NE,F,1910,Audrey,7
NE,F,1910,Bonnie,5
NE,F,1910,Cora,5
NE,F,1910,Dolores,5
NE,F,1910,Effie,5
NE,M,1910,John,93
NE,M,1910,George,36
NE,M,1910,Donald,24
NE,M,1910,Kenneth,20
NE,M,1910,Earl,18
NE,M,1910,Eugene,10
NE,M,1910,Wayne,10
NE,M,1910,David,9
NE,M,1910,Virgil,9
NE,M,1910,Lewis,8
NE,M,1910,Cecil,6
NE,M,1910,Marvin,6
NE,M,1910,Max,5
NE,M,1910,Paul,27
NE,M,1910,Howard,17
NE,M,1910,Ernest,15
NE,M,1910,Andrew,9
NE,M,1910,Joe,8
NE,M,1910,Orville,7
NE,M,1910,Jerry,5
NH,F,1910,Alice,35
NH,F,1910,Ruth,26
NH,F,1910,Evelyn,24
NH,F,1910,Edith,11
NH,F,1910,Juliette,6
NH,F,1910,Anna,12
NH,F,1910,Bertha,11
NH,F,1910,Gladys,10
NH,F,1910,Jeannette,10
NH,F,1910,Catherine,9
NH,F,1910,Lena,7
NH,M,1910,William,15
NH,M,1910,Thomas,8
NH,M,1910,Albert,12
NH,M,1910,Walter,7
NH,M,1910,Herbert,5
NJ,F,1910,Helen,438
NJ,F,1910,Rose,201
NJ,F,1910,Ruth,188
NJ,F,1910,Mildred,174
NJ,F,1910,Marion,100
NJ,F,1910,Edith,86
NJ,F,1910,Edna,84
NJ,F,1910,Eleanor,83
NJ,F,1910,Ann,82
NJ,F,1910,Beatrice,72
NJ,F,1910,Clara,55
NJ,F,1910,Betty,53
NJ,F,1910,Marjorie,50
NJ,F,1910,Doris,36
NJ,F,1910,Loretta,32
NJ,F,1910,Mabel,30
NJ,F,1910,Marguerite,28
NJ,F,1910,Alma,21
NJ,F,1910,Sadie,18
NJ,F,1910,Constance,14
NJ,F,1910,Adeline,11
NJ,F,1910,Annie,11
NJ,F,1910,Elvira,9
NJ,F,1910,Rosalie,8
NJ,F,1910,Naomi,7
NJ,F,1910,Leona,6
NJ,F,1910,Estella,5
NJ,F,1910,Minerva,5
NJ,F,1910,Katherine,53
NJ,F,1910,Sophie,48
NJ,F,1910,Virginia,46
NJ,F,1910,Stella,42
NJ,F,1910,Fannie,29
NJ,F,1910,Ella,27
NJ,F,1910,Eva,27
NJ,F,1910,Olga,20
NJ,F,1910,Ada,14
NJ,F,1910,Janet,13
NJ,F,1910,Carol,11
NJ,F,1910,Christine,10
NJ,F,1910,Isabella,8
NJ,F,1910,Stephanie,8
NJ,F,1910,Amelia,7
NJ,F,1910,Freda,7
NJ,F,1910,Lee,7
NJ,F,1910,Wilma,6
NJ,F,1910,Leah,5
NJ,M,1910,Louis,62
NJ,M,1910,Stanley,38
NJ,M,1910,Donald,18
NJ,M,1910,Chester,17
NJ,M,1910,Irving,15
NJ,M,1910,Matthew,11
NJ,M,1910,Julius,10
NJ,M,1910,Adam,6
NJ,M,1910,Harry,67
NJ,M,1910,Albert,65
NJ,M,1910,Arthur,42
NJ,M,1910,Richard,32
NJ,M,1910,Ralph,27
NJ,M,1910,Leo,10
NJ,M,1910,Rocco,8
NJ,M,1910,Joe,7
NJ,M,1910,Jerry,6
NJ,M,1910,Ray,6
NJ,M,1910,August,5
NM,F,1910,Helen,26
NM,F,1910,Alice,13
NM,F,1910,Rose,13
NM,F,1910,Dorothy,11
NM,F,1910,Eva,11
NM,F,1910,Gladys,10
NM,F,1910,Carlota,6
NM,F,1910,Sarah,6
NM,F,1910,Senaida,6
NM,F,1910,Susie,5
NM,F,1910,Emma,18
NM,F,1910,Ruth,16
NM,F,1910,Lucy,15
NM,F,1910,Cora,5
NM,M,1910,Frank,42
NM,M,1910,Henry,13
NM,M,1910,Felix,7
NM,M,1910,Manuel,28
NM,M,1910,Paul,9
NM,M,1910,Raymond,8
NM,M,1910,Francisco,6
NV,F,1910,Helen,5
NY,F,1910,Mildred,562
NY,F,1910,Irene,272
NY,F,1910,Bertha,203
NY,F,1910,Elsie,178
NY,F,1910,Mabel,110
NY,F,1910,Harriet,87
NY,F,1910,Rita,70
NY,F,1910,Claire,61
NY,F,1910,Angela,55
NY,F,1910,Cecelia,47
NY,F,1910,Helene,41
NY,F,1910,Selma,35
NY,F,1910,Rachel,31
NY,F,1910,Leah,30
NY,F,1910,Wanda,22
NY,F,1910,Isabella,19
NY,F,1910,Elinor,18
NY,F,1910,Daisy,17
NY,F,1910,Eve,16
NY,F,1910,Velma,16
NY,F,1910,Anastasia,11
NY,F,1910,Clarice,11
NY,F,1910,Libby,11
NY,F,1910,Domenica,9
NY,F,1910,Mathilda,9
NY,F,1910,Sydell,9
NY,F,1910,Eda,8
NY,F,1910,Beth,7
NY,F,1910,Leila,7
NY,F,1910,Lorena,7
NY,F,1910,Phoebe,7
NY,F,1910,Elva,6
NY,F,1910,Lela,6
NY,F,1910,Pasqualina,6
NY,F,1910,Raffaela,6
NY,F,1910,Cathryn,5
NY,F,1910,Eugenie,5
NY,F,1910,Kathrine,5
NY,F,1910,Libbie,5
NY,F,1910,Lula,5
NY,F,1910,Rea,5
NY,F,1910,Josephine,431
NY,F,1910,Edna,277
NY,F,1910,Sylvia,273
NY,F,1910,Gladys,230
NY,F,1910,Betty,210
NY,F,1910,Marguerite,115
NY,F,1910,Kathleen,78
NY,F,1910,Barbara,71
NY,F,1910,Adele,70
NY,F,1910,Mollie,70
NY,F,1910,Jeanne,49
NY,F,1910,Concetta,48
NY,F,1910,Molly,48
NY,F,1910,Matilda,42
NY,F,1910,Christine,41
NY,F,1910,Isabel,37
NY,F,1910,Dolores,35
NY,F,1910,Millie,33
NY,F,1910,Cora,31
NY,F,1910,Alberta,22
NY,F,1910,Peggy,19
NY,F,1910,Rosalind,18
NY,F,1910,Camille,16
NY,F,1910,Monica,15
NY,F,1910,Judith,12
NY,F,1910,Minerva,10
NY,F,1910,Joyce,9
NY,F,1910,Sonia,9
NY,F,1910,Lilly,8
NY,F,1910,Maxine,8
NY,F,1910,Sybil,8
NY,F,1910,Valerie,8
NY,F,1910,Hedwig,7
NY,F,1910,Marianne,7
NY,F,1910,Zelma,7
NY,F,1910,Deborah,6
NY,F,1910,Rosaria,6
NY,F,1910,Winnifred,6
NY,F,1910,Amanda,5
NY,F,1910,Iona,5
NY,F,1910,Rosetta,5
NY,M,1910,Frank,512
NY,M,1910,Robert,332
NY,M,1910,Michael,216
NY,M,1910,Francis,123
NY,M,1910,Morris,110
NY,M,1910,Daniel,100
NY,M,1910,Abraham,87
NY,M,1910,Ernest,79
NY,M,1910,Stephen,62
NY,M,1910,Sol,37
NY,M,1910,Edmund,34
NY,M,1910,Jerome,30
NY,M,1910,August,29
NY,M,1910,Lester,29
NY,M,1910,Leroy,28
NY,M,1910,Jerry,22
NY,M,1910,Mike,17
NY,M,1910,Aaron,15
NY,M,1910,Al,13
NY,M,1910,Roland,12
NY,M,1910,Melvin,11
NY,M,1910,Alton,10
NY,M,1910,Ferdinand,10
NY,M,1910,Reginald,10
NY,M,1910,Mortimer,7
NY,M,1910,Cecil,6
NY,M,1910,Christian,6
NY,M,1910,Conrad,6
NY,M,1910,Elbert,6
NY,M,1910,Mac,6
NY,M,1910,Grant,5
NY,M,1910,William,768
NY,M,1910,Walter,192
NY,M,1910,Stanley,104
NY,M,1910,Leo,80
NY,M,1910,Milton,79
NY,M,1910,Leon,38
NY,M,1910,Matthew,38
NY,M,1910,Chester,31
NY,M,1910,Ben,25
NY,M,1910,Mario,15
NY,M,1910,Gaetano,14
NY,M,1910,Larry,14
NY,M,1910,Frederic,9
NY,M,1910,Cyril,7
NY,M,1910,Ethel,7
NY,M,1910,Ignatius,7
NY,M,1910,Jimmy,6
NY,M,1910,Malcolm,6
NY,M,1910,Teddy,5
OH,F,1910,Helen,698
OH,F,1910,Elizabeth,261
OH,F,1910,Gladys,166
OH,F,1910,Doris,97
OH,F,1910,Alma,71
OH,F,1910,Laura,70
OH,F,1910,Eva,65
OH,F,1910,Jane,55
OH,F,1910,Theresa,41
OH,F,1910,Lucy,26
OH,F,1910,Nancy,24
OH,F,1910,Henrietta,20
OH,F,1910,Alta,19
OH,F,1910,Cecilia,18
OH,F,1910,Dora,18
OH,F,1910,Lenore,18
OH,F,1910,Mamie,15
OH,F,1910,Regina,15
OH,F,1910,Antoinette,13
OH,F,1910,Faye,12
OH,F,1910,Leah,10
OH,F,1910,Carol,9
OH,F,1910,Eileen,9
OH,F,1910,Jeanne,9
OH,F,1910,Alyce,8
OH,F,1910,Francis,6
OH,F,1910,Ina,5
OH,F,1910,Melba,5
OH,F,1910,Tillie,5
OH,F,1910,Edith,132
OH,F,1910,Julia,80
OH,F,1910,Leona,66
OH,F,1910,Charlotte,53
OH,F,1910,Lois,52
OH,F,1910,Minnie,42
OH,F,1910,Marcella,41
OH,F,1910,Ella,30
OH,F,1910,Maxine,28
OH,F,1910,Isabelle,24
OH,F,1910,Carrie,21
OH,F,1910,June,17
OH,F,1910,Shirley,15
OH,F,1910,Adelaide,11
OH,F,1910,Claire,9
OH,F,1910,Rebecca,9
OH,F,1910,Coletta,8
OH,F,1910,Maria,8
OH,F,1910,Dorthy,7
OH,F,1910,Verda,7
OH,F,1910,Dolly,6
OH,F,1910,Valeria,6
OH,F,1910,Cathryn,5
OH,F,1910,Gizella,5
OH,F,1910,Orpha,5
OH,F,1910,Reba,5
OH,M,1910,Walter,100
OH,M,1910,Leonard,37
OH,M,1910,Lester,28
OH,M,1910,Edwin,24
OH,M,1910,Everett,18
OH,M,1910,Warren,18
OH,M,1910,Benjamin,11
OH,M,1910,Calvin,11
OH,M,1910,Delbert,11
OH,M,1910,Forrest,10
OH,M,1910,Adam,8
OH,M,1910,Jerry,6
OH,M,1910,Victor,6
OH,M,1910,Andy,5
OH,M,1910,Byron,5
OH,M,1910,Chauncey,5
OH,M,1910,James,265
OH,M,1910,Harry,107
OH,M,1910,Chester,30
OH,M,1910,Alfred,26
OH,M,1910,Joe,26
OH,M,1910,Clyde,23
OH,M,1910,Vincent,14
OH,M,1910,Bert,10
OH,M,1910,Otto,10
OH,M,1910,Morris,7
OH,M,1910,Luther,5
OK,F,1910,Nellie,56
OK,F,1910,Ella,50
OK,F,1910,Jewell,45
OK,F,1910,Vera,45
OK,F,1910,Mattie,38
OK,F,1910,Betty,31
OK,F,1910,Julia,28
OK,F,1910,Effie,24
OK,F,1910,Lula,24
OK,F,1910,Letha,13
OK,F,1910,Rachel,13
OK,F,1910,Jane,12
OK,F,1910,Norma,10
OK,F,1910,Dovie,9
OK,F,1910,Madge,9
OK,F,1910,Elma,7
OK,F,1910,Rebecca,7
OK,F,1910,Roxie,7
OK,F,1910,Almeda,6
OK,F,1910,Chloe,5
OK,F,1910,Elnora,5
OK,F,1910,Leota,5
OK,F,1910,Tressie,5
OK,F,1910,Mildred,103
OK,F,1910,Marie,84
OK,F,1910,Grace,81
OK,F,1910,Frances,72
OK,F,1910,Bertha,71
OK,F,1910,Mae,43
OK,F,1910,Ada,39
OK,F,1910,Flora,33
OK,F,1910,Bonnie,28
OK,F,1910,Jennie,24
OK,F,1910,Audrey,17
OK,F,1910,Rosie,16
OK,F,1910,Lucile,15
OK,F,1910,Amanda,12
OK,F,1910,Virgie,11
OK,F,1910,Francis,10
OK,F,1910,Leah,10
OK,F,1910,Neva,8
OK,F,1910,Ione,7
OK,F,1910,Aline,6
OK,F,1910,Allie,5
OK,F,1910,Edythe,5
OK,M,1910,Floyd,35
OK,M,1910,Arthur,33
OK,M,1910,Richard,33
OK,M,1910,Virgil,16
OK,M,1910,Hugh,12
OK,M,1910,Glenn,10
OK,M,1910,Ted,10
OK,M,1910,Buck,9
OK,M,1910,Jake,7
OK,M,1910,Daniel,6
OK,M,1910,Henry,56
OK,M,1910,Albert,25
OK,M,1910,Jess,20
OK,M,1910,Jim,16
OK,M,1910,Charley,15
OK,M,1910,Vernon,15
OK,M,1910,Oscar,14
OK,M,1910,Theodore,12
OK,M,1910,Marvin,11
OK,M,1910,Haskell,10
OK,M,1910,Gordon,9
OK,M,1910,Lonnie,7
OK,M,1910,Nathan,7
OK,M,1910,Allen,5
OK,M,1910,Felix,5
OK,M,1910,Manuel,5
OR,F,1910,Ethel,13
OR,F,1910,Ruby,13
OR,F,1910,Clara,10
OR,F,1910,Beatrice,8
OR,F,1910,Eunice,7
OR,F,1910,Ida,6
OR,F,1910,Marian,5
OR,F,1910,Louise,14
OR,F,1910,Grace,13
OR,F,1910,Lucille,13
OR,F,1910,Opal,7
OR,F,1910,Alta,6
OR,F,1910,Sally,6
OR,M,1910,Roy,11
OR,M,1910,Francis,7
OR,M,1910,Alvin,5
OR,M,1910,Donald,14
OR,M,1910,Harry,9
OR,M,1910,Earl,8
PA,F,1910,Dorothy,798
PA,F,1910,Mildred,599
PA,F,1910,Josephine,353
PA,F,1910,Emma,256
PA,F,1910,Hazel,211
PA,F,1910,Louise,201
PA,F,1910,Eva,124
PA,F,1910,Hilda,102
PA,F,1910,Alberta,73
PA,F,1910,Sophia,68
PA,F,1910,Regina,66
PA,F,1910,Loretta,63
PA,F,1910,Erma,49
PA,F,1910,Beulah,48
PA,F,1910,Nora,38
PA,F,1910,Estella,34
PA,F,1910,Winifred,34
PA,F,1910,Isabella,32
PA,F,1910,Dolores,29
PA,F,1910,Nettie,27
PA,F,1910,Maria,26
PA,F,1910,Rita,25
PA,F,1910,Norma,19
PA,F,1910,Priscilla,17
PA,F,1910,Minerva,15
PA,F,1910,Rhoda,13
PA,F,1910,Peggy,12
PA,F,1910,Sallie,11
PA,F,1910,Eunice,10
PA,F,1910,Francis,10
PA,F,1910,Effie,9
PA,F,1910,Rachael,8
PA,F,1910,Bernardine,7
PA,F,1910,Eliza,6
PA,F,1910,Joyce,6
PA,F,1910,Belva,5
PA,F,1910,Bridget,5
PA,F,1910,Margaret,1311
PA,F,1910,Catherine,568
PA,F,1910,Rose,492
PA,F,1910,Pauline,213
PA,F,1910,Beatrice,173
PA,F,1910,Jennie,161
PA,F,1910,Nellie,145
PA,F,1910,Olive,93
PA,F,1910,Charlotte,86
PA,F,1910,Sylvia,71
PA,F,1910,Isabel,51
PA,F,1910,Jessie,50
PA,F,1910,Rachel,42
PA,F,1910,Lydia,41
PA,F,1910,Estelle,36
PA,F,1910,Celia,34
PA,F,1910,Olga,34
PA,F,1910,Elisabeth,20
PA,F,1910,Millie,18
PA,F,1910,Stephanie,15
PA,F,1910,Yetta,15
PA,F,1910,Filomena,12
PA,F,1910,Lauretta,9
PA,F,1910,Fanny,8
PA,F,1910,Phoebe,8
PA,F,1910,Evalyn,7
PA,F,1910,Emilie,6
PA,F,1910,Ina,6
PA,F,1910,Aurelia,5
PA,F,1910,Gilda,5
PA,F,1910,Gussie,5
PA,F,1910,Olivia,5
PA,F,1910,Roma,5
PA,M,1910,Clarence,90
PA,M,1910,Leroy,57
PA,M,1910,Mike,45
PA,M,1910,Leonard,42
PA,M,1910,Patrick,30
PA,M,1910,Ronald,18
PA,M,1910,Marvin,11
PA,M,1910,Adolph,10
PA,M,1910,Orville,8
PA,M,1910,Stephan,7
PA,M,1910,Douglas,6
PA,M,1910,Merrill,5
PA,M,1910,Milford,5
PA,M,1910,John,1326
PA,M,1910,Michael,219
PA,M,1910,Carl,94
PA,M,1910,Norman,62
PA,M,1910,Elmer,60
PA,M,1910,Lewis,43
PA,M,1910,Vincent,43
PA,M,1910,Alexander,37
PA,M,1910,Mark,18
PA,M,1910,Sidney,12
PA,M,1910,Christian,8
PA,M,1910,Meyer,8
PA,M,1910,Patsy,8
PA,M,1910,Percy,7
PA,M,1910,Salvatore,6
PA,M,1910,Ervin,5
PA,M,1910,Perry,5
RI,F,1910,Lillian,24
RI,F,1910,Marion,16
RI,F,1910,Josephine,15
RI,F,1910,Julia,12
RI,F,1910,Emily,6
RI,F,1910,Rita,6
RI,F,1910,Nancy,5
RI,F,1910,Mildred,29
RI,F,1910,Gertrude,20
RI,F,1910,Angelina,15
RI,F,1910,Martha,9
RI,F,1910,Mabel,7
RI,F,1910,Phyllis,6
RI,F,1910,Blanche,5
RI,F,1910,Lena,5
RI,M,1910,Thomas,13
RI,M,1910,Walter,14
RI,M,1910,Frederick,9
SC,F,1910,Carrie,131
SC,F,1910,Lillie,111
SC,F,1910,Emma,84
SC,F,1910,Gladys,76
SC,F,1910,Irene,58
SC,F,1910,Alberta,35
SC,F,1910,Christine,32
SC,F,1910,Addie,30
SC,F,1910,Nettie,30
SC,F,1910,Eloise,27
SC,F,1910,Nora,21
SC,F,1910,Della,13
SC,F,1910,Caroline,11
SC,F,1910,Cassie,6
SC,F,1910,Cathrine,5
SC,F,1910,Evelina,5
SC,F,1910,Floride,5
SC,F,1910,Francis,5
SC,F,1910,Harriett,5
SC,F,1910,Idella,5
SC,F,1910,Rena,5
SC,F,1910,Louise,173
SC,F,1910,Ella,89
SC,F,1910,Helen,83
SC,F,1910,Viola,81